-- MySQL dump 10.13  Distrib 8.0.33, for Win64 (x86_64)
--
-- Host: 127.0.0.1    Database: database_hotel_2
-- ------------------------------------------------------
-- Server version	8.0.33

/*!40101 SET @OLD_CHARACTER_SET_CLIENT=@@CHARACTER_SET_CLIENT */;
/*!40101 SET @OLD_CHARACTER_SET_RESULTS=@@CHARACTER_SET_RESULTS */;
/*!40101 SET @OLD_COLLATION_CONNECTION=@@COLLATION_CONNECTION */;
/*!50503 SET NAMES utf8 */;
/*!40103 SET @OLD_TIME_ZONE=@@TIME_ZONE */;
/*!40103 SET TIME_ZONE='+00:00' */;
/*!40014 SET @OLD_UNIQUE_CHECKS=@@UNIQUE_CHECKS, UNIQUE_CHECKS=0 */;
/*!40014 SET @OLD_FOREIGN_KEY_CHECKS=@@FOREIGN_KEY_CHECKS, FOREIGN_KEY_CHECKS=0 */;
/*!40101 SET @OLD_SQL_MODE=@@SQL_MODE, SQL_MODE='NO_AUTO_VALUE_ON_ZERO' */;
/*!40111 SET @OLD_SQL_NOTES=@@SQL_NOTES, SQL_NOTES=0 */;

--
-- Table structure for table `calendar`
--

DROP TABLE IF EXISTS `calendar`;
/*!40101 SET @saved_cs_client     = @@character_set_client */;
/*!50503 SET character_set_client = utf8mb4 */;
CREATE TABLE `calendar` (
  `date` date NOT NULL,
  `room` int NOT NULL,
  PRIMARY KEY (`date`,`room`)
) ENGINE=InnoDB DEFAULT CHARSET=utf8mb4 COLLATE=utf8mb4_0900_ai_ci;
/*!40101 SET character_set_client = @saved_cs_client */;

--
-- Dumping data for table `calendar`
--

LOCK TABLES `calendar` WRITE;
/*!40000 ALTER TABLE `calendar` DISABLE KEYS */;
INSERT INTO `calendar` VALUES ('2023-01-20',26),('2023-01-21',26),('2023-01-22',26),('2023-01-23',26),('2023-06-10',42),('2023-06-11',42),('2023-06-12',42),('2023-06-13',42),('2023-06-14',42),('2023-09-29',1),('2023-09-29',43),('2023-09-30',1),('2023-09-30',43),('2023-10-01',1),('2023-10-01',3),('2023-10-01',5),('2023-10-01',43),('2023-10-02',3),('2023-10-02',5),('2023-10-02',43),('2023-10-03',3),('2023-10-03',7),('2023-10-03',43),('2023-10-04',2),('2023-10-04',3),('2023-10-04',7),('2023-10-05',2),('2023-10-05',3),('2023-10-05',9),('2023-10-06',4),('2023-10-06',9),('2023-10-06',44),('2023-10-07',4),('2023-10-07',11),('2023-10-07',44),('2023-10-08',4),('2023-10-08',11),('2023-10-08',44),('2023-10-09',4),('2023-10-09',13),('2023-10-09',15),('2023-10-09',17),('2023-10-09',45),('2023-10-10',6),('2023-10-10',15),('2023-10-10',45),('2023-10-11',6),('2023-10-11',15),('2023-10-11',45),('2023-10-12',6),('2023-10-12',15),('2023-10-12',46),('2023-10-13',6),('2023-10-13',15),('2023-10-13',46),('2023-10-14',8),('2023-10-14',10),('2023-10-14',15),('2023-10-14',18),('2023-10-14',46),('2023-10-15',8),('2023-10-15',10),('2023-10-15',15),('2023-10-15',19),('2023-10-15',20),('2023-10-15',21),('2023-10-15',46),('2023-10-16',15),('2023-10-16',20),('2023-10-16',21),('2023-10-16',46),('2023-10-17',15),('2023-10-17',20),('2023-10-17',21),('2023-10-17',46),('2023-10-18',15),('2023-10-18',20),('2023-10-18',21),('2023-10-18',47),('2023-10-19',15),('2023-10-19',22),('2023-10-19',47),('2023-10-20',12),('2023-10-20',23),('2023-10-20',48),('2023-10-21',23),('2023-10-21',48),('2023-10-22',1),('2023-10-22',14),('2023-10-22',16),('2023-10-22',23),('2023-10-22',48),('2023-10-23',1),('2023-10-23',14),('2023-10-23',16),('2023-10-23',48),('2023-10-24',1),('2023-10-24',14),('2023-10-24',16),('2023-10-25',3),('2023-10-26',3),('2023-10-27',3),('2023-10-30',30),('2023-10-31',30),('2023-11-01',30),('2023-11-01',31),('2023-11-02',30),('2023-11-02',31),('2023-11-02',49),('2023-11-03',30),('2023-11-03',31),('2023-11-03',49),('2023-11-04',30),('2023-11-04',31),('2023-11-04',50),('2023-11-05',27),('2023-11-05',31),('2023-11-05',32),('2023-11-05',50),('2023-11-06',27),('2023-11-06',31),('2023-11-06',32),('2023-11-06',50),('2023-11-07',27),('2023-11-07',32),('2023-11-07',51),('2023-11-08',27),('2023-11-08',32),('2023-11-08',51),('2023-11-09',32),('2023-11-09',51),('2023-11-10',32),('2023-11-10',52),('2023-11-11',32),('2023-11-11',40),('2023-11-11',52),('2023-11-12',32),('2023-11-12',52),('2023-11-13',32),('2023-11-13',53),('2023-11-14',32),('2023-11-14',41),('2023-11-14',53),('2023-11-15',32),('2023-11-15',41),('2023-11-16',32),('2023-11-16',41),('2023-11-17',32),('2023-11-17',41),('2023-11-18',32),('2023-11-19',32),('2023-11-20',25),('2023-11-20',33),('2023-11-20',54),('2023-11-21',25),('2023-11-21',33),('2023-11-21',54),('2023-11-22',25),('2023-11-22',54),('2023-11-23',25),('2023-11-23',54),('2023-11-24',34),('2023-11-24',54),('2023-11-25',34),('2023-12-02',55),('2023-12-03',55),('2023-12-04',35),('2023-12-04',55),('2023-12-05',35),('2023-12-05',56),('2023-12-06',28),('2023-12-06',56),('2023-12-07',28),('2023-12-07',57),('2023-12-08',28),('2023-12-08',57),('2023-12-09',28),('2023-12-09',36),('2023-12-09',57),('2023-12-10',29),('2023-12-10',36),('2023-12-11',29),('2023-12-11',36),('2023-12-12',29),('2023-12-12',36),('2023-12-13',29),('2023-12-13',37),('2023-12-14',29),('2023-12-14',37),('2023-12-15',37),('2023-12-15',38),('2023-12-15',58),('2023-12-16',37),('2023-12-16',38),('2023-12-16',58),('2023-12-17',39),('2023-12-17',58),('2023-12-18',39),('2023-12-18',58),('2023-12-19',39),('2023-12-24',35),('2023-12-25',35),('2023-12-25',59),('2023-12-26',59),('2023-12-27',59),('2023-12-28',59),('2024-01-01',64),('2024-01-02',2),('2024-01-02',9),('2024-01-02',64),('2024-01-03',2),('2024-01-03',9),('2024-01-03',64),('2024-01-04',2),('2024-01-04',9),('2024-01-04',64),('2024-01-05',65),('2024-01-06',1),('2024-01-06',3),('2024-01-06',66),('2024-01-07',1),('2024-01-07',3),('2024-01-07',10),('2024-01-07',66),('2024-01-07',91),('2024-01-08',1),('2024-01-08',3),('2024-01-08',10),('2024-01-08',66),('2024-01-08',91),('2024-01-09',2),('2024-01-09',92),('2024-01-10',2),('2024-01-10',66),('2024-01-10',92),('2024-01-11',2),('2024-01-11',66),('2024-01-11',92),('2024-01-12',3),('2024-01-12',66),('2024-01-12',93),('2024-01-13',3),('2024-01-13',66),('2024-01-13',93),('2024-01-14',3),('2024-01-14',66),('2024-01-14',93),('2024-01-15',4),('2024-01-15',66),('2024-01-15',94),('2024-01-16',5),('2024-01-16',66),('2024-01-16',94),('2024-01-17',6),('2024-01-17',67),('2024-01-17',94),('2024-01-18',6),('2024-01-18',67),('2024-01-18',94),('2024-01-19',6),('2024-01-19',67),('2024-01-19',95),('2024-01-20',68),('2024-01-20',95),('2024-01-21',68),('2024-01-21',95),('2024-01-22',69),('2024-01-23',69),('2024-01-24',70),('2024-01-25',70),('2024-01-27',7),('2024-01-27',71),('2024-01-28',71),('2024-02-02',72),('2024-02-03',72),('2024-02-04',72),('2024-02-05',73),('2024-02-06',73),('2024-02-07',73),('2024-02-08',74),('2024-02-09',74),('2024-02-10',75),('2024-02-11',75),('2024-02-12',75),('2024-02-13',75),('2024-02-14',75),('2024-02-15',81),('2024-02-16',81),('2024-02-17',82),('2024-02-18',82),('2024-02-19',82),('2024-02-21',8),('2024-02-22',8),('2024-02-22',83),('2024-02-23',8),('2024-02-23',83),('2024-02-24',8),('2024-02-24',83),('2024-02-25',8),('2024-02-25',84),('2024-02-25',85),('2024-02-26',8),('2024-02-26',84),('2024-02-26',85),('2024-02-27',8),('2024-02-27',85),('2024-03-01',85),('2024-03-02',1),('2024-03-02',85),('2024-03-03',1),('2024-03-03',85),('2024-03-04',1),('2024-03-05',86),('2024-03-06',86),('2024-03-07',87),('2024-03-08',87),('2024-03-09',88),('2024-03-09',89);
/*!40000 ALTER TABLE `calendar` ENABLE KEYS */;
UNLOCK TABLES;

--
-- Table structure for table `image_data`
--

DROP TABLE IF EXISTS `image_data`;
/*!40101 SET @saved_cs_client     = @@character_set_client */;
/*!50503 SET character_set_client = utf8mb4 */;
CREATE TABLE `image_data` (
  `id` bigint NOT NULL AUTO_INCREMENT,
  `imagedata` blob,
  `name` varchar(255) DEFAULT NULL,
  `type` varchar(255) DEFAULT NULL,
  PRIMARY KEY (`id`)
) ENGINE=InnoDB DEFAULT CHARSET=utf8mb4 COLLATE=utf8mb4_0900_ai_ci;
/*!40101 SET character_set_client = @saved_cs_client */;

--
-- Dumping data for table `image_data`
--

LOCK TABLES `image_data` WRITE;
/*!40000 ALTER TABLE `image_data` DISABLE KEYS */;
/*!40000 ALTER TABLE `image_data` ENABLE KEYS */;
UNLOCK TABLES;

--
-- Table structure for table `location`
--

DROP TABLE IF EXISTS `location`;
/*!40101 SET @saved_cs_client     = @@character_set_client */;
/*!50503 SET character_set_client = utf8mb4 */;
CREATE TABLE `location` (
  `id` int NOT NULL AUTO_INCREMENT,
  `latitude` double DEFAULT NULL,
  `longitude` double DEFAULT NULL,
  `address` varchar(255) DEFAULT NULL,
  PRIMARY KEY (`id`)
) ENGINE=InnoDB AUTO_INCREMENT=96 DEFAULT CHARSET=utf8mb4 COLLATE=utf8mb4_0900_ai_ci;
/*!40101 SET character_set_client = @saved_cs_client */;

--
-- Dumping data for table `location`
--

LOCK TABLES `location` WRITE;
/*!40000 ALTER TABLE `location` DISABLE KEYS */;
INSERT INTO `location` VALUES (1,37.9663,23.7105,'thessalonikis 20'),(2,37.9663,23.7105,'thessalonikis 200'),(3,37.9663,23.7105,'Stadiou Street 14'),(4,37.9663,23.7105,'Mitropoleos Street 7'),(5,37.9663,23.7105,'thessalonikis 28'),(6,37.9663,23.7105,'Kolokotroni Street 12'),(7,37.9663,23.7105,'Lycabettus Hill'),(8,37.9663,23.7105,'Parnassou Street 3'),(9,37.9663,23.7105,'Kotzia Square'),(10,37.9663,23.7105,'Ippodamou 8, Athens, Greece'),(11,37.9663,23.7105,'Iridanou 12, Athens, Greece'),(12,37.9663,23.7105,'Ious 20, Athens, Greece'),(13,37.9663,23.7105,'Iasonos 5, Athens, Greece'),(14,37.9663,23.7105,'Ioulis 18, Athens, Greece'),(15,37.9663,23.7105,'Ipitou 25, Athens, Greece'),(16,37.9663,23.7105,'Iraklidon 8, Athens, Greece'),(17,37.9663,23.7105,'Ironda 12, Athens, Greece'),(18,37.9663,23.7105,'Iridos 20, Athens, Greece'),(19,37.9663,23.7105,'Iroon 5, Athens, Greece'),(20,37.9663,23.7105,'Iridou 18, Athens, Greece'),(21,37.94745,23.63708,'Seaside Lane 10, Piraeus, Greece'),(22,37.94745,23.63708,'Harbor View Street 25, Piraeus, Greece'),(23,37.94745,23.63708,'Nautical Lane 15, Piraeus, Greece'),(24,37.94745,23.63708,'Oceanview Street 5, Piraeus, Greece'),(25,37.94745,23.63708,'Coastal Retreat Lane 12, Piraeus, Greece'),(26,37.9663,23.7105,'Cityscape Lane 15, Athens, Greece'),(27,37.9663,23.7105,'Heritage Street 8, Athens, Greece'),(28,37.9663,23.7105,'Loft Avenue 12, Athens, Greece'),(29,37.9663,23.7105,'Panorama Drive 22, Athens, Greece'),(30,37.9663,23.7105,'Explorer Street 15, Athens, Greece'),(31,38.0357,23.75733,'Panorama Street 8, Athens, Greece'),(32,38.0357,23.75733,'Haven Lane 12, Athens, Greece'),(33,38.0357,23.75733,'Oasis Street 25, Athens, Greece'),(34,38.0357,23.75733,'Enchantment Lane 15, Athens, Greece'),(35,38.0357,23.75733,'Sleek Street 18, Athens, Greece'),(36,37.98333,23.68333,'Sunrise Street 10, Athens, Greece'),(37,37.98333,23.68333,'Retreat Lane 15, Athens, Greece'),(38,37.98333,23.68333,'Elegance Street 8, Athens, Greece'),(39,37.98333,23.68333,'Haven Lane 12, Athens, Greece'),(40,37.98333,23.68333,'Oasis Lane 20, Athens, Greece'),(41,37.98333,23.68333,'Sunflower Street 15, Athens, Greece'),(42,37.98333,23.68333,'Haven Lane 12, Athens, Greece'),(43,37.98333,23.68333,'Tranquil Lane 8, Athens, Greece'),(44,37.98333,23.68333,'Haven Lane 12, Athens, Greece'),(45,37.98333,23.68333,'Cosmopolitan Street 20, Athens, Greece'),(46,37.94745,23.63708,'Harmony Street 15, Athens, Greece'),(47,37.94745,23.63708,'Vibrant Lane 12, Athens, Greece'),(48,37.94745,23.63708,'Tranquil Lane 8, Athens, Greece'),(49,37.94745,23.63708,'Sunset Street 20, Athens, Greece'),(50,37.94745,23.63708,'Elegance Lane 18, Athens, Greece'),(51,38.0357,23.75733,'Sunny Street 15, Athens, Greece'),(52,38.0357,23.75733,'Oasis Lane 12, Athens, Greece'),(53,38.0357,23.75733,'Tranquil Sky Street 8, Athens, Greece'),(54,38.0357,23.75733,'Chic Avenue 20, Athens, Greece'),(55,38.0357,23.75733,'Elegant Heights Lane 18, Athens, Greece'),(56,37.94745,23.63708,'Bliss Street 15, Athens, Greece'),(57,37.94745,23.63708,'Breeze Lane 12, Athens, Greece'),(58,37.94745,23.63708,'Tranquil Cove Street 8, Athens, Greece'),(59,37.94745,23.63708,'Seaside Street 20, Athens, Greece'),(60,37.94745,23.63708,'Lights Lane 18, Athens, Greece'),(61,37.97945,23.71622,'Garden Street 15, Athens, Greece'),(62,37.97945,23.71622,'Lights Lane 12, Athens, Greece'),(63,37.97945,23.71622,'Tranquil Oasis Street 8, Athens, Greece'),(64,37.97945,23.71622,'Metropolitan Avenue 20, Athens, Greece'),(65,37.97945,23.71622,'Skyline Lane 18, Athens, Greece'),(66,37.98333,23.68333,'Elysian Street 15, Athens, Greece'),(67,37.98333,23.68333,'Cosmic Lane 12, Athens, Greece'),(68,37.98333,23.68333,'Serenity Cove Street 8, Athens, Greece'),(69,37.98333,23.68333,'Oasis Avenue 20, Athens, Greece'),(70,37.98333,23.68333,'Starry Lane 18, Athens, Greece'),(71,38.0357,23.75733,'Heights Street 15, Athens, Greece'),(72,38.0357,23.75733,'Cityscape Lane 12, Athens, Greece'),(73,38.0357,23.75733,'Panorama Cove Street 8, Athens, Greece'),(74,38.0357,23.75733,'Metropolitan Views Avenue 20, Athens, Greece'),(75,38.0357,23.75733,'Skyline Retreat Lane 18, Athens, Greece'),(76,37.94745,23.63708,'Horizon Street 15, Athens, Greece'),(77,37.94745,23.63708,'Harbor Lane 12, Athens, Greece'),(78,37.94745,23.63708,'Sunset Cove Street 8, Athens, Greece'),(79,37.94745,23.63708,'Azure Heights Avenue 20, Athens, Greece'),(80,37.94745,23.63708,'Dreams Lane 18, Athens, Greece'),(81,38.0357,23.75733,'Nea Ionia Retreat Street 15, Athens, Greece'),(82,38.0357,23.75733,'Ionian Heights Lane 12, Athens, Greece'),(83,38.0357,23.75733,'Sunny Nea Ionia Street 8, Athens, Greece'),(84,38.0357,23.75733,'Cosmic Ionian Avenue 20, Athens, Greece'),(85,38.0357,23.75733,'Nea Ionia Bliss Lane 18, Athens, Greece'),(86,37.94745,23.63708,'Harbor Retreat Street 15, Piraeus, Greece'),(87,37.94745,23.63708,'Sea Breeze Lane 12, Piraeus, Greece'),(88,37.94745,23.63708,'Sunset Pier Street 8, Piraeus, Greece'),(89,37.94745,23.63708,'Blue Waters Avenue 20, Piraeus, Greece'),(90,37.94745,23.63708,'Coastal Escape Lane 18, Piraeus, Greece'),(91,37.94745,23.63708,'Elegance Lane 12, Piraeus, Greece'),(92,37.94745,23.63708,'Cozy Corner Lane 6, Piraeus, Greece'),(93,37.94745,23.63708,'Tech Lane 3, Piraeus, Greece'),(94,37.94745,23.63708,'Seaside Lane 7, Piraeus, Greece'),(95,0,0,NULL);
/*!40000 ALTER TABLE `location` ENABLE KEYS */;
UNLOCK TABLES;

--
-- Table structure for table `location_rooms`
--

DROP TABLE IF EXISTS `location_rooms`;
/*!40101 SET @saved_cs_client     = @@character_set_client */;
/*!50503 SET character_set_client = utf8mb4 */;
CREATE TABLE `location_rooms` (
  `location_id` int NOT NULL,
  `rooms_id` int NOT NULL,
  PRIMARY KEY (`location_id`,`rooms_id`),
  UNIQUE KEY `UK_a780tpp1jdtk0nf0vy8lna0au` (`rooms_id`),
  CONSTRAINT `FK4fb3dww9dx6b53vk2cw3gl01w` FOREIGN KEY (`rooms_id`) REFERENCES `room` (`id`),
  CONSTRAINT `FKpoejh0rk373aahwjrg6uf77ry` FOREIGN KEY (`location_id`) REFERENCES `location` (`id`)
) ENGINE=InnoDB DEFAULT CHARSET=utf8mb4 COLLATE=utf8mb4_0900_ai_ci;
/*!40101 SET character_set_client = @saved_cs_client */;

--
-- Dumping data for table `location_rooms`
--

LOCK TABLES `location_rooms` WRITE;
/*!40000 ALTER TABLE `location_rooms` DISABLE KEYS */;
/*!40000 ALTER TABLE `location_rooms` ENABLE KEYS */;
UNLOCK TABLES;

--
-- Table structure for table `message`
--

DROP TABLE IF EXISTS `message`;
/*!40101 SET @saved_cs_client     = @@character_set_client */;
/*!50503 SET character_set_client = utf8mb4 */;
CREATE TABLE `message` (
  `id` int NOT NULL AUTO_INCREMENT,
  `body` varchar(255) DEFAULT NULL,
  `receiver` varchar(255) DEFAULT NULL,
  `sender` varchar(255) DEFAULT NULL,
  PRIMARY KEY (`id`)
) ENGINE=InnoDB DEFAULT CHARSET=utf8mb4 COLLATE=utf8mb4_0900_ai_ci;
/*!40101 SET character_set_client = @saved_cs_client */;

--
-- Dumping data for table `message`
--

LOCK TABLES `message` WRITE;
/*!40000 ALTER TABLE `message` DISABLE KEYS */;
/*!40000 ALTER TABLE `message` ENABLE KEYS */;
UNLOCK TABLES;

--
-- Table structure for table `photos`
--

DROP TABLE IF EXISTS `photos`;
/*!40101 SET @saved_cs_client     = @@character_set_client */;
/*!50503 SET character_set_client = utf8mb4 */;
CREATE TABLE `photos` (
  `id` int NOT NULL AUTO_INCREMENT,
  `path` varchar(255) DEFAULT NULL,
  `name` varchar(255) DEFAULT NULL,
  `user_id` int DEFAULT NULL,
  PRIMARY KEY (`id`),
  UNIQUE KEY `UK_svwjnytwhk0irv78jdkww8an4` (`user_id`),
  CONSTRAINT `FKnm381g1ktlpsorbtpco2ljhuv` FOREIGN KEY (`user_id`) REFERENCES `users` (`id`)
) ENGINE=InnoDB DEFAULT CHARSET=utf8mb4 COLLATE=utf8mb4_0900_ai_ci;
/*!40101 SET character_set_client = @saved_cs_client */;

--
-- Dumping data for table `photos`
--

LOCK TABLES `photos` WRITE;
/*!40000 ALTER TABLE `photos` DISABLE KEYS */;
/*!40000 ALTER TABLE `photos` ENABLE KEYS */;
UNLOCK TABLES;

--
-- Table structure for table `ratings`
--

DROP TABLE IF EXISTS `ratings`;
/*!40101 SET @saved_cs_client     = @@character_set_client */;
/*!50503 SET character_set_client = utf8mb4 */;
CREATE TABLE `ratings` (
  `id` int NOT NULL AUTO_INCREMENT,
  `description` varchar(255) DEFAULT NULL,
  `rating` int DEFAULT NULL,
  `room` varchar(255) DEFAULT NULL,
  `user` varchar(255) DEFAULT NULL,
  PRIMARY KEY (`id`)
) ENGINE=InnoDB AUTO_INCREMENT=110 DEFAULT CHARSET=utf8mb4 COLLATE=utf8mb4_0900_ai_ci;
/*!40101 SET character_set_client = @saved_cs_client */;

--
-- Dumping data for table `ratings`
--

LOCK TABLES `ratings` WRITE;
/*!40000 ALTER TABLE `ratings` DISABLE KEYS */;
INSERT INTO `ratings` VALUES (1,'The place was ideal and the rooms was really clean.The hoster was nice!',5,'Petralona Apartment','Green'),(2,'Exceptional service, luxurious amenities, and a serene ambiance. The perfect retreat for those seeking both comfort and tranquility.',4,'Spacious Family House','Green'),(3,'Modern design meets urban convenience. Well-appointed rooms, friendly staff, and a prime location for exploring the city.',4,'Cozy Nest','Green'),(4,'A unique blend of charm and mystery. Quirky decor, excellent spa facilities, and an enchanting atmosphere make for a memorable stay.',4,'Traveler\'s Haven','Green'),(5,'Breathtaking ocean views, impeccable cleanliness, and a friendly staff create a relaxing haven by the sea.',5,'Family Oasis','Green'),(6,'Geared towards tech enthusiasts, this hotel offers cutting-edge amenities. Some areas may be too tech-focused for those seeking a traditional experience.',3,'Tranquil Retreat','Green'),(7,'Perfectly tailored for city enthusiasts, Urban Discoverer Inn offers a cozy base for urban exploration. Its central location, knowledgeable staff, and efficient check-in process enhance the convenience of discovering the city\'s treasures. . ',4,'City Explorer Hostel','Green'),(8,'Steeped in history, this grand hotel offers a taste of the past with modern conveniences. Elegant decor, attentive staff, and a central location contribute to its allure. ',5,'Classic Elegance Residence','Green'),(9,'Strategically located with stunning city views, Metropolitan Marvel Hotel offers a blend of comfort and proximity to urban hotspots. Attentive staff and well-curated local recommendations make it an ideal choice for avid city explorers.',5,'Cosmopolitan Haven Hostel','Green'),(10,'Nestled in the heart of downtown, this lodge provides a charming retreat after a day of city exploration. Quaint rooms and a warm atmosphere complement its central location, making it a delightful choice for urban adventurers.',4,'Urban Oasis House','Green'),(11,'Boasting panoramic city views, Cityscape Oasis Suites provides a stylish haven for travelers seeking a modern urban experience. Well-appointed rooms, a rooftop lounge, and easy access to public transportation contribute to its allure.',4,'Enchanting Retreat Private Room','Green'),(12,'Immersive and cultural, Culture Hub Hotel celebrates the city\'s diversity. Thoughtful decor, engaging cultural events, and a prime location near cultural landmarks make it an enriching choice for curious travelers.',3,'Sleek Urban Hostel','Green'),(13,'Strategically located with stunning city views, Metropolitan Marvel Hotel offers a blend of comfort and proximity to urban hotspots. Attentive staff and well-curated local recommendations make it an ideal choice for avid city explorers..',3,'Athenian Sunrise Apartment','Green'),(14,'Nestled in the heart of downtown, this lodge provides a charming retreat after a day of city exploration. Quaint rooms and a warm atmosphere complement its central location, making it a delightful choice for urban adventurers.',4,'Cityscape Retreat House','Green'),(15,'Boasting panoramic city views, Cityscape Oasis Suites provides a stylish haven for travelers seeking a modern urban experience. Well-appointed rooms, a rooftop lounge, and easy access to public transportation contribute to its allure.',4,'Starry Nights Hostel','Green'),(16,'Designed for the intrepid traveler, Explorer\'s Retreat Inn falls short in terms of amenities and service. Basic accommodations, limited staff availability, and outdated facilities make it a subpar choice for those seeking comfort.',3,'Athens Heights House','Green'),(17,'Immersive and cultural, Culture Hub Hotel celebrates the city\'s diversity. Thoughtful decor, engaging cultural events, and a prime location near cultural landmarks make it an enriching choice for curious travelers.',5,'Cityscape Hostel','Green'),(18,'While City Pulse Boutique captures the city\'s energy, it falls short in terms of cleanliness and maintenance. The trendy atmosphere is marred by worn-out furnishings, and service is inconsistent.',3,'Panorama Cove Private Room','Green'),(19,'A comfortable haven in the center of the action, Central Explorer Lodge disappoints with outdated facilities and lackluster service. The convenient location is overshadowed by subpar amenities and a general lack of attention to guest needs.',2,'Metropolitan Views House','Green'),(20,'Sophisticated and centrally located, Urban Elegance Suites provide a refined experience for city explorers. Stylish rooms, personalized service, and proximity to cultural sites contribute to its high rating.',5,'Skyline Retreat Hostel','Green'),(21,'Nestled in a quiet corner of the city, City Nook Apartments offers a cozy and efficient living space. The thoughtfully designed units are equipped with modern conveniences, and the attentive management ensures a hassle-free stay. ',5,'Petralona Apartment','BlueSky'),(22,'While Cityscape Charm Inn has a quirky appeal, it falls short in terms of soundproofing. Noise from the city streets can disrupt the otherwise charming atmosphere, impacting the overall quality of stay. ',3,'Backpacker\'s Hub','BlueSky'),(23,'Tailored for avid explorers, Discoverer\'s Haven Hotel disappoints with outdated facilities, unclean rooms, and a lack of responsiveness from the staff. Despite its central location, the overall experience is subpar.',2,'Modern Retreat','BlueSky'),(24,'Perched high with breathtaking views, Skyline Vista Apartments provide a luxurious urban living experience. Spacious interiors, top-notch amenities, and a central location make it an excellent choice for those seeking a premium lifestyle.',4,'Sunset View Suite','BlueSky'),(25,'While Cozy Corner Suites offer a quaint living space, some units lack modern updates. The smaller size may be charming for some, but others might find it a bit cramped. However, the attentive staff and central location partially offset these drawbacks.',4,'Explorer\'s Den','BlueSky'),(26,'True to its name,provides a serene escape in the midst of the city. Stylish apartments, a lush courtyard, and attentive management create a harmonious living experience, earning it high marks.',5,'Modern City Haven','BlueSky'),(27,'Downtown Dwellings falls short of expectations with outdated facilities and inconsistent maintenance. While the central location is convenient, the overall living experience is hampered by the lack of attention to detail.',3,'Sunny Heights Retreat','BlueSky'),(28,'Offering sleek and modern design, Modern Haven Apartments strike a balance between style and comfort. The efficient use of space and contemporary amenities make it an appealing choice for those with a taste for modern living.',4,'Cultural Exchange Hostel','BlueSky'),(29,'Compact City Homes provide a budget-friendly option with small yet functional apartments. While the size may not suit everyone, the affordability and central location make it a reasonable choice for those prioritizing cost and convenience.',3,'Modern Gem Residence','BlueSky'),(30,'Compact City Homes provide a budget-friendly option with small yet functional apartments. While the size may not suit everyone, the affordability and central location make it a reasonable choice for those prioritizing cost and convenience.',3,'Adventure Seeker Hostel','BlueSky'),(31,'True to its name, Urban Oasis Residences provides a serene escape in the midst of the city. Stylish apartments, a lush courtyard, and attentive management create a harmonious living experience, earning it high marks.',5,'Urban Oasis Retreat','BlueSky'),(32,'Downtown Dwellings falls short of expectations with outdated facilities and inconsistent maintenance. While the central location is convenient, the overall living experience is hampered by the lack of attention to detail.',3,'Riverside Retreat','BlueSky'),(33,'Offering sleek and modern design, Modern Haven Apartments strike a balance between style and comfort. The efficient use of space and contemporary amenities make it an appealing choice for those with a taste for modern living.',4,'Sunset Retreat House','BlueSky'),(34,'Compact City Homes provide a budget-friendly option with small yet functional apartments. While the size may not suit everyone, the affordability and central location make it a reasonable choice for those prioritizing cost and convenience.',3,'Modern Elegance Hostel','BlueSky'),(35,'Elegance Estates sets a high standard for upscale living. Elegant interiors, high-end finishes, and impeccable service contribute to a luxurious living experience. ',5,'Sunny Retreat House','BlueSky'),(36,'Quaint Quarters disappoints with aging infrastructure and limited amenities. The charming atmosphere is marred by maintenance issues, impacting the overall quality of living. Potential residents may find better options with more modern facilities. ',2,'Urban Oasis Hostel','BlueSky'),(37,'Cityscape Studios offers a trendy and efficient living space for urban dwellers. Stylish design, smart use of space, and a vibrant neighborhood contribute to a positive living experience, although some may find the units a bit on the smaller side. ',4,'Tranquil Sky Private Room','BlueSky'),(38,'Nestled in a quiet neighborhood, Tranquil Terraces provide a peaceful living environment. While the spacious balconies and serene surroundings are commendable, some residents may find the lack of nearby amenities less convenient. ',3,'Modern Chic House','BlueSky'),(39,'With its modern design and convenient location, Sleek City Living provides an exceptional urban living experience. Residents enjoy well-appointed apartments and excellent amenities, making it a top choice for those seeking contemporary comfort. ',4,'Nea Ionia Retreat House','BlueSky'),(40,'Quirky Quarters falls short in various aspects, from outdated facilities to subpar maintenance. The eclectic charm is overshadowed by discomfort, and residents may find better options for a more pleasant living experience. ',2,'Ionian Heights Hostel','BlueSky'),(41,'Uptown Retreats offer a luxurious escape with spacious layouts and top-tier amenities. The attentive management ensures a high standard of living, making it an attractive option for those desiring upscale urban living. ',5,'Sunny Nea Ionia Private Room','BlueSky'),(42,'Uptown Retreats offer a luxurious escape with spacious layouts and top-tier amenities. The attentive management ensures a high standard of living, making it an attractive option for those desiring upscale urban living. ',5,'Sunny Nea Ionia Private Room','BlueSky'),(43,'redefine urban living with their stylish design and prime location. Residents enjoy a sophisticated atmosphere, high-end finishes, and top-notch service, making it an excellent choice for those seeking a premium lifestyle. ',5,'Cosmic Ionian House','BlueSky'),(44,'Dated Dwellings disappoints with its aged infrastructure and lackluster upkeep. The living spaces lack modern conveniences, and residents may encounter various issues, detracting from the overall quality of living. ',1,'Seaside Bliss','Sunflower'),(45,'Modern Haven Residences strike a balance between style and comfort, providing contemporary living spaces. While generally positive, some residents may feel the units are slightly cramped, impacting the overall experience.',4,'Harbor Haven','Sunflower'),(46,' offer affordable living but suffer from poor maintenance and limited amenities. While suitable for those on a tight budget, residents may encounter challenges related to cleanliness and upkeep.',2,'Nautical Explorer Hostel','Sunflower'),(47,' disappoint with neglected facilities and an overall lack of attention to resident needs. The potential charm of the apartments is overshadowed by maintenance issues, contributing to a poor living experience.',1,'Coastal Serenity Apartments','Sunflower'),(48,'provide a nature-inspired living environment with green spaces and a serene atmosphere. While generally positive, some residents may find certain amenities lacking, impacting the overall appeal.',4,'Cityscape Retreat','Sunflower'),(49,' lives up to its name with inconsistent management and an overall chaotic living environment. Residents may face disruptions and challenges that detract significantly from the quality of living.',2,'Athenian Heritage Room','Sunflower'),(50,' With its modern design and convenient location, provides an exceptional urban living experience. Residents enjoy well-appointed apartments and excellent amenities, making it a top choice for those seeking contemporary comfort.',5,'Modern Loft Living','Sunflower'),(51,' falls short in various aspects, from outdated facilities to subpar maintenance. The eclectic charm is overshadowed by discomfort, and residents may find better options for a more pleasant living experience.',2,'Skyline Panorama Suite','Sunflower'),(52,'Lofts redefine urban living with their stylish design and prime location. Residents enjoy a sophisticated atmosphere, high-end finishes, and top-notch service, making it an excellent choice for those seeking a premium lifestyle.',5,'Athens City Hostel','Sunflower'),(53,'Apartment provide a prime location and spacious interiors. While generally positive, some residents note occasional noise disruptions, impacting the overall living experience.',4,'Athenian Panorama Private Room','Sunflower'),(54,'offers affordable living but falls short in terms of cleanliness and maintenance. Residents may encounter challenges with outdated facilities and limited amenities.',2,'Elegant Heights Hostel','Sunflower'),(55,'promotes sustainable living with green initiatives and eco-conscious design. Despite its positive environmental focus, some residents may find the amenities slightly lacking.',4,'Mediterranean Bliss House','Sunflower'),(56,'captivates with its unique charm and central location. Well-designed living spaces and attentive staff contribute to a delightful living experience.',5,'Coastal Breeze Hostel','Sunflower'),(57,'despite its name, disappoints with cramped living spaces and insufficient amenities. Residents may face challenges in finding comfort in these smaller units.',2,'Tranquil Cove Private Room','Sunflower'),(58,'sets a high standard with upscale finishes and impeccable service. Residents enjoy a lavish lifestyle, making it a top choice for those seeking luxury in the heart of the city.',5,'Seaside Retreat House','Sunflower'),(59,'fails to deliver on its promise of tranquility with noise disturbances and inconsistent maintenance. While offering a break from city chaos, it falls short in creating a truly serene living environment.',2,'Nea Ionia Bliss Hostel','Sunflower'),(60,'Downtown Desolation lives up to its unfortunate name with neglected facilities, a lack of security, and overall desolation. Residents may face significant challenges that detract from the quality of living.',1,'Piraeus Harbor Retreat House','Sunflower'),(61,'offers a stylish and contemporary living experience. The sleek design, coupled with convenient amenities, makes it a favorable choice for those seeking modern urban living.',4,'Sea Breeze Hostel','Sunflower'),(62,'disappoints with outdated furnishings and a lack of maintenance. Residents may find the nostalgic charm overshadowed by inconveniences and subpar living conditions.',1,'Sunset Pier Private Room','Sunflower'),(63,'Central Skyline Apartments provide a prime location and spacious interiors. While generally positive, some residents note occasional noise disruptions, impacting the overall living experience.',4,'Blue Waters House','Sunflower'),(64,'promotes sustainable living with green initiatives and eco-conscious design. Despite its positive environmental focus, some residents may find the amenities slightly lacking.',4,'Petralona Apartment','Sunflower'),(65,'Budget Urban Dwellings offers affordable living but falls short in terms of cleanliness and maintenance. Residents may encounter challenges with outdated facilities and limited amenities.',2,'Spacious Family House','Sunflower'),(66,'sets a high standard with upscale finishes and impeccable service. Residents enjoy a lavish lifestyle, making it a top choice for those seeking luxury in the heart of the city.',5,'Backpacker\'s Hub','Sunflower'),(67,'fails to deliver on its promise of tranquility with noise disturbances and inconsistent maintenance. While offering a break from city chaos, it falls short in creating a truly serene living environment.',2,'Urban Elegance Hostel','SilverSurfer'),(68,'lives up to its unfortunate name with neglected facilities, a lack of security, and overall desolation. Residents may face significant challenges that detract from the quality of living.',1,'Sunset Haven Private Room','SilverSurfer'),(69,'City View Towers impress with their stunning views and modern amenities. Residents enjoy spacious living spaces and a convenient location, making it an attractive choice for urban living.',4,'Athenian Oasis House','SilverSurfer'),(70,'disappoint with outdated infrastructure and inconsistent maintenance. The nostalgic charm is overshadowed by the inconveniences faced by residents, impacting their overall satisfaction.',2,'Athenian Sunflower House','SilverSurfer'),(71,'provide a cozy and convenient living experience. Residents appreciate the central location and comfortable interiors, although some noise disturbances are noted in certain units.',4,'Urban Haven Hostel','SilverSurfer'),(72,'fall short in terms of cleanliness and amenities. Residents may find the living conditions less than satisfactory, and maintenance issues contribute to a subpar experience.',1,'Tranquil Retreat Private Room','SilverSurfer'),(73,'promotes eco-friendly living with green initiatives. While environmentally conscious, some residents feel that certain amenities could be improved to enhance their overall experience.',4,'Urban Hostel','SilverSurfer'),(74,'impress with their contemporary design and high-end finishes. The spacious units and central location make it an excellent choice for those seeking a modern urban lifestyle.',5,'Cosmopolitan House','SilverSurfer'),(75,' falls short in providing comfortable living spaces. Residents may find the units too small, and maintenance issues further diminish the overall quality of living.',2,'Harmony House','SilverSurfer'),(76,' sets a luxurious standard with upscale amenities and breathtaking views. Residents revel in the lavish lifestyle provided by these high-end apartments.',5,'Vibrant Hostel Retreat','SilverSurfer'),(77,' Tranquil  disappoint with noise disturbances and inconsistent maintenance. While offering a peaceful setting, some residents may find the overall living experience disrupted.',2,'Tranquil Private Room','SilverSurfer'),(78,'struggle to live up to their name, with maintenance issues and a lack of certain amenities. Residents may find it challenging to truly escape urban chaos in this environment.',2,'Metropolitan Retreat House','SilverSurfer'),(79,'provide a sophisticated urban living experience. With sleek design and modern amenities, residents enjoy both style and comfort in the heart of the city.',5,'Skyline Heights Hostel','SilverSurfer'),(80,'fall short with outdated facilities and inconsistent maintenance. While some may appreciate the vintage aesthetic, the overall living conditions may disappoint.',2,'Elysian House','SilverSurfer'),(81,'offer a tranquil escape in a central location. While residents appreciate the peaceful ambiance, occasional noise disruptions detract from the overall experience.',4,'Cosmic Lights Hostel','SilverSurfer'),(82,'struggles with maintenance issues and limited amenities. While catering to budget-conscious residents, the overall living conditions may not meet ',2,'Serenity Cove Private Room','SilverSurfer'),(83,'emphasizes sustainability with green features. However, some residents feel that more could be done to enhance the eco-friendly living experience.',4,'Urban House','SilverSurfer'),(84,'provides a decent stay with comfortable rooms and friendly staff. While not extravagant, it offers good value for a moderate budget.',4,'Petralona Apartment','ArtLover'),(85,'offers a pleasant beachfront experience. Although some areas could use improvement, the scenic views and beach access contribute to a positive stay.',3,'Spacious Family House','ArtLover'),(86,'charms with its intimate atmosphere and well-maintained garden. The staff\'s warm hospitality adds to the overall positive impression.',4,'Backpacker\'s Hub','ArtLover'),(87,'provide a convenient location with clean and functional rooms. While not extravagant, it meets the basic needs of travelers exploring the city.',3,'Cozy Nest','ArtLover'),(88,'Nestled in the mountains, Mountain Retreat Resort offers a serene escape. The rustic charm and scenic surroundings contribute to a pleasant stay, despite some minor drawbacks.',4,'Modern Retreat','ArtLover'),(89,'falls short with dated decor and less-than-stellar service. While the central location is convenient, the overall experience leaves much to be desired..',2,'Traveler\'s Haven','ArtLover'),(90,'struggles with soundproofing issues, leading to disruptions during the night. The inconvenience diminishes the overall quality of the stay.',2,'Sunset View Suite','ArtLover'),(91,'disappoints with maintenance issues and a lack of attention to cleanliness. Despite potential, the resort fails to create a truly relaxing environment.',3,'Family Oasis','ArtLover'),(92,'While Budget Break Hotel offers affordability, it falls short with basic amenities and cleanliness issues. The cost savings may not justify the compromises in comfort and service.',2,'Explorer\'s Den','ArtLover'),(93,'offers an intriguing stay with its unique decor and themed rooms. However, some guests note inconsistencies in service quality and room maintenance, impacting the overall satisfaction.',3,'Tranquil Retreat','ArtLover'),(94,'While the rooms were cozy, the lack of maintenance was noticeable. Some amenities were outdated, impacting the overall comfort. Average stay for a short visit.',3,'Elegance Suite','BlueSky'),(95,'A decent stay with a great seaside view. The room was comfortable, but the amenities could use improvement. Overall, a satisfactory experience.',3,'Cozy Corner Room','BlueSky'),(96,'A modern and tech-savvy space with excellent connectivity. The room was comfortable, and the smart features added a unique touch. Recommended for tech enthusiasts.',3,'Tech-Savvy Studio','BlueSky'),(97,'Despite the tranquil setting, noise from neighboring units was an issue. Maintenance could be improved, and certain amenities were lacking. An okay stay overall.And overpriced!',2,'Seaside Villa','BlueSky'),(98,'A budget-friendly option with basic amenities. While the room was clean, some facilities were minimal. Suitable for short stays on a tight budget.',3,'Harbor Hostel','BlueSky'),(99,'Very good hostel cheap and near to everything u need!!',5,'Backpacker\'s Hub','Green');
/*!40000 ALTER TABLE `ratings` ENABLE KEYS */;
UNLOCK TABLES;

--
-- Table structure for table `requests`
--

DROP TABLE IF EXISTS `requests`;
/*!40101 SET @saved_cs_client     = @@character_set_client */;
/*!50503 SET character_set_client = utf8mb4 */;
CREATE TABLE `requests` (
  `landlord_id` varchar(255) NOT NULL,
  `pending` bit(1) DEFAULT NULL,
  `verified` bit(1) DEFAULT NULL,
  PRIMARY KEY (`landlord_id`)
) ENGINE=InnoDB DEFAULT CHARSET=utf8mb4 COLLATE=utf8mb4_0900_ai_ci;
/*!40101 SET character_set_client = @saved_cs_client */;

--
-- Dumping data for table `requests`
--

LOCK TABLES `requests` WRITE;
/*!40000 ALTER TABLE `requests` DISABLE KEYS */;
INSERT INTO `requests` VALUES ('ArtLover',_binary '\0',_binary ''),('Bookworm',_binary '\0',_binary ''),('FitnessFanatic',_binary '\0',_binary ''),('GlobeTrotter',_binary '\0',_binary ''),('Jake',_binary '\0',_binary ''),('MountainExplorer',_binary '\0',_binary ''),('MusicMaestro',_binary '\0',_binary ''),('TechEnthusiast',_binary '\0',_binary '');
/*!40000 ALTER TABLE `requests` ENABLE KEYS */;
UNLOCK TABLES;

--
-- Table structure for table `reservation`
--

DROP TABLE IF EXISTS `reservation`;
/*!40101 SET @saved_cs_client     = @@character_set_client */;
/*!50503 SET character_set_client = utf8mb4 */;
CREATE TABLE `reservation` (
  `id` int NOT NULL AUTO_INCREMENT,
  `price_per_night` int NOT NULL,
  `start_date` date NOT NULL,
  `end_date` date NOT NULL,
  `booked_room_id` int DEFAULT NULL,
  `client_id` int DEFAULT NULL,
  PRIMARY KEY (`id`),
  KEY `FKg0ayvxg1b7oagyq3ojrw5hnd0` (`booked_room_id`),
  KEY `FKkctptfotgwykt3la8keypyvrj` (`client_id`),
  CONSTRAINT `FKg0ayvxg1b7oagyq3ojrw5hnd0` FOREIGN KEY (`booked_room_id`) REFERENCES `room` (`id`),
  CONSTRAINT `FKkctptfotgwykt3la8keypyvrj` FOREIGN KEY (`client_id`) REFERENCES `users` (`id`)
) ENGINE=InnoDB AUTO_INCREMENT=108 DEFAULT CHARSET=utf8mb4 COLLATE=utf8mb4_0900_ai_ci;
/*!40101 SET character_set_client = @saved_cs_client */;

--
-- Dumping data for table `reservation`
--

LOCK TABLES `reservation` WRITE;
/*!40000 ALTER TABLE `reservation` DISABLE KEYS */;
INSERT INTO `reservation` VALUES (1,55,'2023-09-29','2023-10-02',1,3),(2,55,'2023-10-04','2023-10-06',2,3),(3,55,'2023-10-06','2023-10-10',4,3),(4,55,'2023-10-10','2023-10-14',6,3),(5,55,'2023-10-14','2023-10-16',8,3),(6,100,'2023-10-14','2023-10-16',10,3),(7,150,'2023-10-20','2023-10-21',12,3),(8,70,'2023-10-22','2023-10-25',14,3),(9,70,'2023-10-22','2023-10-25',16,3),(10,70,'2023-10-22','2023-10-25',1,4),(11,80,'2023-10-25','2023-10-28',3,4),(12,110,'2023-10-01','2023-10-03',5,4),(13,110,'2023-10-03','2023-10-05',7,4),(14,140,'2023-10-05','2023-10-07',9,4),(15,120,'2023-10-07','2023-10-09',11,4),(16,70,'2023-10-09','2023-10-10',13,4),(17,100,'2023-10-09','2023-10-20',15,4),(18,90,'2023-10-09','2023-10-10',17,4),(19,90,'2023-10-14','2023-10-15',18,4),(20,110,'2023-10-15','2023-10-16',19,4),(21,140,'2023-10-15','2023-10-19',20,4),(22,160,'2023-10-15','2023-10-19',21,5),(23,60,'2023-10-19','2023-10-20',22,5),(24,100,'2023-10-20','2023-10-23',23,5),(25,100,'2023-11-20','2023-11-24',25,5),(26,100,'2023-01-20','2023-01-24',26,5),(27,100,'2023-11-05','2023-11-09',27,5),(28,100,'2023-12-06','2023-12-10',28,5),(29,70,'2023-12-10','2023-12-15',29,5),(30,140,'2023-10-30','2023-11-05',30,5),(31,160,'2023-11-01','2023-11-07',31,5),(32,60,'2023-11-05','2023-11-20',32,3),(33,60,'2023-11-20','2023-11-22',33,3),(34,180,'2023-11-24','2023-11-26',34,3),(35,180,'2023-12-24','2023-12-26',35,3),(36,80,'2023-12-04','2023-12-06',35,3),(37,90,'2023-12-09','2023-12-13',36,3),(38,160,'2023-12-13','2023-12-17',37,3),(39,120,'2023-12-15','2023-12-17',38,6),(40,145,'2023-12-17','2023-12-20',39,6),(41,95,'2023-11-11','2023-11-12',40,6),(42,105,'2023-11-14','2023-11-18',41,6),(43,155,'2023-06-10','2023-06-15',42,6),(44,155,'2023-09-29','2023-10-04',43,6),(45,135,'2023-10-06','2023-10-09',44,6),(46,105,'2023-10-09','2023-10-12',45,6),(47,115,'2023-10-12','2023-10-18',46,6),(48,200,'2023-10-18','2023-10-20',47,6),(49,160,'2023-10-20','2023-10-24',48,6),(50,160,'2023-11-02','2023-11-04',49,4),(51,300,'2023-11-04','2023-11-07',50,4),(52,100,'2023-11-07','2023-11-10',51,4),(53,150,'2023-11-10','2023-11-13',52,4),(54,500,'2023-11-13','2023-11-15',53,4),(55,190,'2023-11-20','2023-11-25',54,4),(56,90,'2023-12-02','2023-12-05',55,5),(57,190,'2023-12-05','2023-12-07',56,5),(58,290,'2023-12-07','2023-12-10',57,5),(59,390,'2023-12-15','2023-12-19',58,5),(60,95,'2023-12-25','2023-12-29',59,5),(61,195,'2024-01-01','2024-01-02',64,6),(62,95,'2024-01-02','2024-01-05',64,6),(63,320,'2024-01-05','2024-01-06',65,6),(64,120,'2024-01-06','2024-01-09',66,6),(65,180,'2024-01-10','2024-01-14',66,6),(66,210,'2024-01-14','2024-01-17',66,6),(67,130,'2024-01-17','2024-01-20',67,6),(68,215,'2024-01-20','2024-01-22',68,6),(69,150,'2024-01-22','2024-01-24',69,6),(70,170,'2024-01-24','2024-01-26',70,3),(71,70,'2024-01-27','2024-01-29',71,3),(72,170,'2024-02-02','2024-02-05',72,3),(73,130,'2024-02-05','2024-02-08',73,3),(74,110,'2024-02-08','2024-02-10',74,3),(75,100,'2024-02-10','2024-02-15',75,3),(76,140,'2024-02-15','2024-02-17',81,4),(77,90,'2024-02-17','2024-02-20',82,4),(78,190,'2024-02-22','2024-02-25',83,4),(79,140,'2024-02-25','2024-02-27',84,4),(80,140,'2024-02-25','2024-02-27',85,5),(81,150,'2024-02-27','2024-02-28',85,5),(82,120,'2024-03-01','2024-03-04',85,5),(83,110,'2024-03-05','2024-03-07',86,5),(84,140,'2024-03-07','2024-03-09',87,5),(85,120,'2024-03-09','2024-03-10',88,5),(86,160,'2024-03-09','2024-03-10',89,5),(87,160,'2024-03-02','2024-03-05',1,5),(88,160,'2024-01-02','2024-01-05',2,5),(89,160,'2024-01-06','2024-01-09',3,5),(90,70,'2023-09-30','2023-09-30',69,3),(91,120,'2024-01-06','2024-01-09',1,10),(92,100,'2024-01-09','2024-01-12',2,10),(93,100,'2024-01-12','2024-01-15',3,10),(94,160,'2024-01-15','2024-01-16',4,10),(95,130,'2024-01-16','2024-01-17',5,10),(96,130,'2024-01-17','2024-01-20',6,10),(97,110,'2024-01-27','2024-01-28',7,10),(98,110,'2024-02-21','2024-02-28',8,10),(99,80,'2024-01-02','2024-01-05',9,10),(100,50,'2024-01-07','2024-01-09',10,10),(101,150,'2024-01-07','2024-01-09',91,4),(102,100,'2024-01-09','2024-01-12',92,4),(103,70,'2024-01-12','2024-01-15',93,4),(104,170,'2024-01-15','2024-01-19',94,4),(105,20,'2024-01-19','2024-01-22',95,4),(106,30,'2023-09-30','2023-09-30',3,3),(107,40,'2023-10-01','2023-10-06',3,3);
/*!40000 ALTER TABLE `reservation` ENABLE KEYS */;
UNLOCK TABLES;

--
-- Table structure for table `room`
--

DROP TABLE IF EXISTS `room`;
/*!40101 SET @saved_cs_client     = @@character_set_client */;
/*!50503 SET character_set_client = utf8mb4 */;
CREATE TABLE `room` (
  `id` int NOT NULL AUTO_INCREMENT,
  `type_of_room` enum('hostel','house','private_room') DEFAULT NULL,
  `num_of_beds` int NOT NULL,
  `num_of_baths` int NOT NULL,
  `num_of_bedrooms` int NOT NULL,
  `livingroom` bit(1) DEFAULT NULL,
  `area` int NOT NULL,
  `description` varchar(255) DEFAULT NULL,
  `smoking` bit(1) DEFAULT NULL,
  `pets` bit(1) DEFAULT NULL,
  `events` bit(1) DEFAULT NULL,
  `minimum_days` int NOT NULL,
  `internet` bit(1) DEFAULT NULL,
  `cooling` bit(1) DEFAULT NULL,
  `heating` bit(1) DEFAULT NULL,
  `kitchen` bit(1) DEFAULT NULL,
  `tv` bit(1) DEFAULT NULL,
  `parking` bit(1) DEFAULT NULL,
  `elevator` bit(1) DEFAULT NULL,
  `landlord_id` int DEFAULT NULL,
  `location_id` int DEFAULT NULL,
  `paris villa` varchar(255) DEFAULT NULL,
  `name` varchar(255) DEFAULT NULL,
  PRIMARY KEY (`id`),
  KEY `FK6plae2rbn2j7ghxyke68ykfru` (`landlord_id`),
  KEY `location_id_idx` (`location_id`),
  CONSTRAINT `FK6plae2rbn2j7ghxyke68ykfru` FOREIGN KEY (`landlord_id`) REFERENCES `users` (`id`),
  CONSTRAINT `location_id` FOREIGN KEY (`location_id`) REFERENCES `location` (`id`)
) ENGINE=InnoDB AUTO_INCREMENT=96 DEFAULT CHARSET=utf8mb4 COLLATE=utf8mb4_0900_ai_ci;
/*!40101 SET character_set_client = @saved_cs_client */;

--
-- Dumping data for table `room`
--

LOCK TABLES `room` WRITE;
/*!40000 ALTER TABLE `room` DISABLE KEYS */;
INSERT INTO `room` VALUES (1,'private_room',2,1,1,_binary '',150,'Modern Apartment nearly to station of petralona only 1khm from the center ideal for couples and families',_binary '\0',_binary '',_binary '\0',2,_binary '',_binary '',_binary '',_binary '',_binary '',_binary '',_binary '',2,1,NULL,'Petralona Apartment'),(2,'house',4,2,3,_binary '',200,'Comfortable house for families, with a large living space and garden.',_binary '\0',_binary '',_binary '',3,_binary '',_binary '',_binary '',_binary '',_binary '',_binary '',_binary '\0',2,2,NULL,'Spacious Family House'),(3,'hostel',6,4,2,_binary '',180,'Budget-friendly hostel in the heart of the city, ideal for solo travelers.',_binary '',_binary '\0',_binary '',1,_binary '',_binary '',_binary '\0',_binary '',_binary '\0',_binary '\0',_binary '\0',2,3,NULL,'Backpacker\'s Hub'),(4,'private_room',1,1,1,_binary '\0',80,'A snug and comfortable private room for solo travelers.',_binary '\0',_binary '\0',_binary '\0',1,_binary '',_binary '',_binary '',_binary '\0',_binary '',_binary '\0',_binary '\0',2,4,NULL,'Cozy Nest'),(5,'house',3,2,2,_binary '',200,'Contemporary house with all the amenities for a relaxing stay.',_binary '\0',_binary '',_binary '',3,_binary '',_binary '',_binary '',_binary '',_binary '',_binary '',_binary '\0',2,5,NULL,'Modern Retreat'),(6,'hostel',8,4,3,_binary '',180,'Friendly hostel for global wanderers, offering a communal and vibrant atmosphere.',_binary '',_binary '\0',_binary '',1,_binary '',_binary '',_binary '\0',_binary '',_binary '\0',_binary '\0',_binary '',2,6,NULL,'Traveler\'s Haven'),(7,'private_room',1,1,1,_binary '',120,'Enjoy breathtaking sunset views from this cozy private suite.',_binary '\0',_binary '',_binary '\0',2,_binary '',_binary '',_binary '',_binary '',_binary '',_binary '',_binary '\0',2,7,NULL,'Sunset View Suite'),(8,'house',4,3,3,_binary '',220,'Spacious house designed for families seeking a peaceful retreat.',_binary '\0',_binary '',_binary '',4,_binary '',_binary '',_binary '',_binary '',_binary '',_binary '',_binary '\0',2,8,NULL,'Family Oasis'),(9,'hostel',12,6,5,_binary '',180,'A dynamic hostel for adventurous souls seeking a communal living experience.',_binary '',_binary '\0',_binary '',1,_binary '',_binary '',_binary '\0',_binary '',_binary '\0',_binary '\0',_binary '',2,9,NULL,'Explorer\'s Den'),(10,'private_room',1,1,1,_binary '',40,'A peaceful private room providing a tranquil retreat for a relaxing stay.',_binary '\0',_binary '',_binary '\0',2,_binary '',_binary '',_binary '',_binary '',_binary '',_binary '',_binary '',2,10,NULL,'Tranquil Retreat'),(11,'house',4,2,3,_binary '',130,'A modern house providing a haven in the heart of the city for families and groups.',_binary '\0',_binary '',_binary '',3,_binary '',_binary '',_binary '',_binary '',_binary '',_binary '',_binary '\0',2,11,NULL,'Modern City Haven'),(12,'hostel',10,5,4,_binary '',20,'A vibrant hostel perfect for city explorers seeking a social and lively atmosphere.',_binary '',_binary '\0',_binary '',1,_binary '',_binary '',_binary '\0',_binary '',_binary '\0',_binary '\0',_binary '',2,12,NULL,'City Explorer Hostel'),(13,'private_room',1,1,1,_binary '',35,'A bright and sunny private room offering a peaceful retreat with city views.',_binary '\0',_binary '',_binary '\0',2,_binary '',_binary '',_binary '',_binary '',_binary '',_binary '',_binary '',2,13,NULL,'Sunny Heights Retreat'),(14,'house',4,3,3,_binary '',140,'A classic and elegant residence providing a sophisticated stay in the heart of the city.',_binary '\0',_binary '',_binary '',3,_binary '',_binary '',_binary '',_binary '',_binary '',_binary '',_binary '\0',2,14,NULL,'Classic Elegance Residence'),(15,'hostel',12,6,5,_binary '',30,'A hostel designed for cultural exchange, perfect for travelers seeking diverse experiences.',_binary '',_binary '\0',_binary '',1,_binary '',_binary '',_binary '\0',_binary '',_binary '\0',_binary '\0',_binary '',2,15,NULL,'Cultural Exchange Hostel'),(16,'private_room',1,1,1,_binary '',55,'A mystic private room offering a retreat with panoramic views of the city skyline.',_binary '\0',_binary '',_binary '\0',2,_binary '',_binary '',_binary '',_binary '',_binary '',_binary '',_binary '',2,16,NULL,'Mystic Heights Retreat'),(17,'house',4,2,3,_binary '',200,'A modern gem residence offering contemporary luxury for a memorable stay.',_binary '\0',_binary '',_binary '',3,_binary '',_binary '',_binary '',_binary '',_binary '',_binary '',_binary '\0',2,17,NULL,'Modern Gem Residence'),(18,'hostel',10,5,4,_binary '',30,'A hostel tailored for adventure seekers, fostering a community of like-minded travelers.',_binary '',_binary '\0',_binary '',1,_binary '',_binary '',_binary '\0',_binary '',_binary '\0',_binary '\0',_binary '',2,18,NULL,'Adventure Seeker Hostel'),(19,'private_room',1,1,1,_binary '',60,'An urban oasis private room providing a tranquil escape with cityscape views.',_binary '\0',_binary '',_binary '\0',2,_binary '',_binary '',_binary '',_binary '',_binary '',_binary '',_binary '',2,19,NULL,'Urban Oasis Retreat'),(20,'house',4,2,3,_binary '',100,'A riverside retreat offering a peaceful escape with scenic views of the surrounding nature.',_binary '\0',_binary '',_binary '',3,_binary '',_binary '',_binary '',_binary '',_binary '',_binary '',_binary '\0',2,20,NULL,'Riverside Retreat'),(21,'private_room',1,1,1,_binary '',40,'A cozy private room with a view of the serene seaside, perfect for a relaxing getaway.',_binary '\0',_binary '',_binary '\0',2,_binary '',_binary '',_binary '',_binary '',_binary '',_binary '',_binary '',7,21,NULL,'Seaside Bliss'),(22,'house',3,2,2,_binary '',110,'A spacious house with a panoramic view of the harbor, providing a peaceful escape.',_binary '\0',_binary '',_binary '',3,_binary '',_binary '',_binary '',_binary '',_binary '',_binary '',_binary '\0',7,22,NULL,'Harbor Haven'),(23,'hostel',8,4,3,_binary '',20,'A vibrant hostel with a nautical theme, perfect for social travelers and explorers.',_binary '',_binary '\0',_binary '',1,_binary '',_binary '',_binary '\0',_binary '',_binary '\0',_binary '\0',_binary '',7,23,NULL,'Nautical Explorer Hostel'),(24,'private_room',1,1,1,_binary '',50,'An elegant private room with stunning sea views, providing a luxurious stay.',_binary '\0',_binary '',_binary '\0',2,_binary '',_binary '',_binary '',_binary '',_binary '',_binary '',_binary '',7,24,NULL,'Oceanview Elegance'),(25,'private_room',2,1,1,_binary '',60,'Modern apartment offering a coastal escape with contemporary amenities.',_binary '\0',_binary '',_binary '',3,_binary '',_binary '',_binary '',_binary '',_binary '',_binary '',_binary '\0',7,25,NULL,'Coastal Serenity Apartments'),(26,'private_room',2,1,1,_binary '',45,'A modern urban retreat with panoramic city views, providing a comfortable and stylish stay.',_binary '\0',_binary '',_binary '',3,_binary '',_binary '',_binary '',_binary '',_binary '',_binary '',_binary '',7,26,NULL,'Cityscape Retreat'),(27,'house',4,2,2,_binary '',130,'Experience the charm of Athens in this historic house with unique architectural details.',_binary '\0',_binary '',_binary '\0',2,_binary '',_binary '',_binary '',_binary '',_binary '',_binary '',_binary '\0',7,27,NULL,'Athenian Heritage Room'),(28,'hostel',1,1,1,_binary '\0',25,'A contemporary loft with open spaces and minimalist design, ideal for a trendy urban stay.',_binary '\0',_binary '',_binary '',3,_binary '',_binary '',_binary '',_binary '',_binary '',_binary '',_binary '',7,28,NULL,'Modern Loft Living'),(29,'private_room',5,2,3,_binary '',180,'A suite with a breathtaking panoramic view of Athens\' skyline, offering a luxurious experience.',_binary '\0',_binary '',_binary '\0',2,_binary '',_binary '',_binary '',_binary '',_binary '',_binary '',_binary '',7,29,NULL,'Skyline Panorama Suite'),(30,'hostel',1,1,1,_binary '\0',20,'A vibrant hostel for urban explorers seeking a communal living experience in the heart of Athens.',_binary '',_binary '\0',_binary '',1,_binary '',_binary '',_binary '\0',_binary '',_binary '\0',_binary '\0',_binary '',7,30,NULL,'Athens City Hostel'),(31,'private_room',1,1,1,_binary '\0',40,'A cozy private room with a view, perfect for a comfortable and relaxing stay in the city.',_binary '\0',_binary '',_binary '\0',2,_binary '',_binary '',_binary '',_binary '',_binary '',_binary '\0',_binary '',8,31,NULL,'Athenian Panorama Private Room'),(32,'hostel',1,1,1,_binary '',15,'A vibrant hostel room within a trendy setting, perfect for social travelers with public livingroom.',_binary '',_binary '\0',_binary '',1,_binary '',_binary '',_binary '\0',_binary '',_binary '',_binary '\0',_binary '',8,32,NULL,'Cosmopolitan Haven Hostel'),(33,'house',3,2,2,_binary '',90,'A spacious and welcoming house offering an urban oasis for a delightful stay.',_binary '\0',_binary '',_binary '',3,_binary '',_binary '',_binary '',_binary '',_binary '',_binary '',_binary '\0',8,33,NULL,'Urban Oasis House'),(34,'private_room',1,1,1,_binary '\0',30,'An enchanting private room with a cozy atmosphere, perfect for a relaxing stay.',_binary '\0',_binary '',_binary '\0',2,_binary '',_binary '',_binary '',_binary '',_binary '',_binary '',_binary '',8,34,NULL,'Enchanting Retreat Private Room'),(35,'hostel',1,1,1,_binary '\0',20,'A modern and stylish hostel room, providing a sleek urban experience for travelers.',_binary '\0',_binary '\0',_binary '',2,_binary '',_binary '',_binary '\0',_binary '',_binary '',_binary '\0',_binary '',8,35,NULL,'Sleek Urban Hostel'),(36,'private_room',2,1,1,_binary '\0',50,'Wake up to the stunning sunrise in this cozy apartment with modern amenities.',_binary '\0',_binary '',_binary '\0',2,_binary '',_binary '',_binary '',_binary '',_binary '',_binary '',_binary '\0',8,36,NULL,'Athenian Sunrise Apartment'),(37,'house',3,2,2,_binary '',100,'Escape to this spacious house with a view of the cityscape, offering a peaceful retreat.',_binary '\0',_binary '',_binary '',3,_binary '',_binary '',_binary '',_binary '',_binary '',_binary '',_binary '\0',8,37,NULL,'Cityscape Retreat House'),(38,'hostel',1,1,1,_binary '',40,'Experience urban elegance in this stylish hostel room, perfect for social travelers.',_binary '',_binary '\0',_binary '',1,_binary '',_binary '',_binary '\0',_binary '',_binary '',_binary '\0',_binary '',8,38,NULL,'Urban Elegance Hostel'),(39,'private_room',1,1,1,_binary '\0',35,'Relax in this private room with a view of the sunset, creating a haven for tranquility.',_binary '\0',_binary '',_binary '\0',2,_binary '',_binary '',_binary '',_binary '',_binary '',_binary '',_binary '\0',8,39,NULL,'Sunset Haven Private Room'),(40,'house',3,2,2,_binary '',110,'Discover serenity in this spacious house offering a beautiful oasis in the heart of Athens.',_binary '\0',_binary '',_binary '',3,_binary '',_binary '',_binary '',_binary '',_binary '',_binary '',_binary '\0',8,40,NULL,'Athenian Oasis House'),(41,'house',2,1,1,_binary '',50,'Experience the warmth of this sunflower-themed house, offering comfort and style.',_binary '\0',_binary '',_binary '\0',2,_binary '',_binary '',_binary '',_binary '',_binary '',_binary '',_binary '\0',9,41,NULL,'Athenian Sunflower House'),(42,'hostel',1,1,1,_binary '',20,'Embrace the urban vibe in this cozy hostel, perfect for social travelers.',_binary '',_binary '\0',_binary '',1,_binary '',_binary '',_binary '\0',_binary '',_binary '',_binary '\0',_binary '',9,42,NULL,'Urban Haven Hostel'),(43,'private_room',1,1,1,_binary '\0',25,'Escape to this tranquil private room, offering peace and relaxation in the city.',_binary '\0',_binary '',_binary '\0',2,_binary '',_binary '',_binary '',_binary '',_binary '',_binary '',_binary '\0',9,43,NULL,'Tranquil Retreat Private Room'),(44,'hostel',1,1,1,_binary '',15,'Embrace the urban vibe in this cozy hostel, perfect for social travelers.',_binary '',_binary '\0',_binary '',1,_binary '',_binary '',_binary '\0',_binary '',_binary '',_binary '\0',_binary '',9,44,NULL,'Urban Hostel'),(45,'house',3,2,2,_binary '',120,'Live in style in this cosmopolitan house, offering modern amenities and sophistication.',_binary '\0',_binary '',_binary '',3,_binary '',_binary '',_binary '',_binary '',_binary '',_binary '',_binary '\0',9,45,NULL,'Cosmopolitan House'),(46,'house',2,1,1,_binary '',45,'Experience harmony in this charming house, offering a blend of comfort and tranquility.',_binary '\0',_binary '',_binary '\0',2,_binary '',_binary '',_binary '',_binary '',_binary '',_binary '',_binary '\0',9,46,NULL,'Harmony House'),(47,'hostel',1,1,1,_binary '',15,'Immerse yourself in the vibrant atmosphere of this hostel retreat, perfect for social travelers.',_binary '',_binary '\0',_binary '',1,_binary '',_binary '',_binary '\0',_binary '',_binary '',_binary '\0',_binary '',9,47,NULL,'Vibrant Hostel Retreat'),(48,'private_room',1,1,1,_binary '\0',30,'Discover tranquility in this private room, offering a serene escape from the city buzz.',_binary '\0',_binary '',_binary '\0',2,_binary '',_binary '',_binary '',_binary '',_binary '',_binary '',_binary '\0',9,48,NULL,'Tranquil Private Room'),(49,'house',3,2,2,_binary '',85,'Relax and unwind in this charming house, with a perfect view of the sunset every evening.',_binary '\0',_binary '',_binary '',3,_binary '',_binary '',_binary '',_binary '',_binary '',_binary '',_binary '\0',9,49,NULL,'Sunset Retreat House'),(50,'hostel',1,1,1,_binary '\0',25,'Experience modern elegance in this stylish hostel, offering a comfortable and chic stay.',_binary '\0',_binary '\0',_binary '',2,_binary '',_binary '',_binary '\0',_binary '',_binary '',_binary '\0',_binary '',9,50,NULL,'Modern Elegance Hostel'),(51,'house',2,1,1,_binary '',45,'Bask in the sunshine in this delightful house, offering a perfect retreat with modern amenities.',_binary '\0',_binary '',_binary '\0',2,_binary '',_binary '',_binary '',_binary '',_binary '',_binary '',_binary '\0',10,51,NULL,'Sunny Retreat House'),(52,'hostel',1,1,1,_binary '',20,'Discover an urban oasis in this vibrant hostel, perfect for socializing and relaxation.',_binary '',_binary '\0',_binary '',1,_binary '',_binary '',_binary '\0',_binary '',_binary '',_binary '\0',_binary '',10,52,NULL,'Urban Oasis Hostel'),(53,'private_room',1,1,1,_binary '\0',20,'Enjoy tranquility under the Athenian sky in this private room with a modern touch.',_binary '\0',_binary '',_binary '\0',2,_binary '',_binary '',_binary '',_binary '',_binary '',_binary '',_binary '\0',10,53,NULL,'Tranquil Sky Private Room'),(54,'house',3,2,2,_binary '',120,'Experience modern chic living in this stylish house, perfect for a luxurious stay.',_binary '\0',_binary '',_binary '',3,_binary '',_binary '',_binary '',_binary '',_binary '',_binary '',_binary '\0',10,54,NULL,'Modern Chic House'),(55,'hostel',1,1,1,_binary '\0',15,'Experience elegance at new heights in this modern hostel, offering comfort and style.',_binary '\0',_binary '\0',_binary '',2,_binary '',_binary '',_binary '\0',_binary '',_binary '',_binary '\0',_binary '',10,55,NULL,'Elegant Heights Hostel'),(56,'house',2,1,1,_binary '',60,'Experience bliss in this Mediterranean-inspired house, offering a serene escape near the coast.',_binary '\0',_binary '',_binary '\0',2,_binary '',_binary '',_binary '',_binary '',_binary '',_binary '',_binary '\0',10,56,NULL,'Mediterranean Bliss House'),(57,'hostel',1,1,1,_binary '',25,'Feel the coastal breeze in this vibrant hostel, perfect for those seeking a lively atmosphere.',_binary '',_binary '\0',_binary '',1,_binary '',_binary '',_binary '\0',_binary '',_binary '',_binary '\0',_binary '',10,57,NULL,'Coastal Breeze Hostel'),(58,'private_room',1,1,1,_binary '',35,'Discover tranquility in this private room located in a peaceful cove, offering relaxation.',_binary '\0',_binary '',_binary '\0',2,_binary '',_binary '',_binary '',_binary '',_binary '',_binary '',_binary '\0',10,58,NULL,'Tranquil Cove Private Room'),(59,'house',3,2,2,_binary '',120,'Retreat to this charming seaside house, offering a perfect blend of comfort and coastal charm.',_binary '\0',_binary '',_binary '',3,_binary '',_binary '',_binary '',_binary '',_binary '',_binary '',_binary '\0',10,59,NULL,'Seaside Retreat House'),(60,'hostel',1,1,1,_binary '',10,'Experience the magic of harbor lights in this cozy hostel, offering a welcoming atmosphere.',_binary '\0',_binary '\0',_binary '',2,_binary '',_binary '',_binary '\0',_binary '',_binary '',_binary '\0',_binary '',10,60,NULL,'Harbor Lights Hostel'),(61,'house',5,3,4,_binary '',150,'Experience the beauty of an Athenian garden in this charming house with modern amenities.',_binary '\0',_binary '',_binary '\0',2,_binary '',_binary '',_binary '',_binary '',_binary '',_binary '',_binary '\0',11,61,NULL,'Athenian Garden House'),(62,'hostel',1,1,1,_binary '',15,'Embrace the magic of city lights in this lively hostel, perfect for socializing and fun.',_binary '',_binary '\0',_binary '',1,_binary '',_binary '',_binary '\0',_binary '',_binary '',_binary '\0',_binary '',11,62,NULL,'City Lights Hostel'),(63,'private_room',1,1,1,_binary '',25,'Discover tranquility in this private room located in an oasis, offering peace and comfort.',_binary '\0',_binary '',_binary '\0',2,_binary '',_binary '',_binary '',_binary '',_binary '',_binary '',_binary '\0',11,63,NULL,'Tranquil Oasis Private Room'),(64,'house',3,2,2,_binary '',110,'Retreat in style in this metropolitan house, offering a luxurious escape in the city.',_binary '\0',_binary '',_binary '',3,_binary '',_binary '',_binary '',_binary '',_binary '',_binary '',_binary '\0',11,64,NULL,'Metropolitan Retreat House'),(65,'hostel',1,1,1,_binary '',25,'Experience the skyline heights in this modern hostel, offering a stylish and comfortable stay.',_binary '\0',_binary '\0',_binary '',2,_binary '',_binary '',_binary '\0',_binary '',_binary '',_binary '\0',_binary '',11,65,NULL,'Skyline Heights Hostel'),(66,'house',2,1,1,_binary '',70,'Discover paradise in this Elysian house, offering a perfect blend of comfort and serenity.',_binary '\0',_binary '',_binary '\0',2,_binary '',_binary '',_binary '',_binary '',_binary '',_binary '',_binary '\0',11,66,NULL,'Elysian House'),(67,'hostel',1,1,1,_binary '',20,'Embark on a cosmic journey in this vibrant hostel, perfect for socializing and stargazing.',_binary '',_binary '\0',_binary '',1,_binary '',_binary '',_binary '\0',_binary '',_binary '',_binary '\0',_binary '',11,67,NULL,'Cosmic Lights Hostel'),(68,'private_room',1,1,1,_binary '\0',30,'Find serenity in this private room located in a peaceful cove, offering a tranquil escape.',_binary '\0',_binary '',_binary '\0',2,_binary '',_binary '',_binary '',_binary '',_binary '',_binary '',_binary '\0',11,68,NULL,'Serenity Cove Private Room'),(69,'house',3,2,2,_binary '',115,'Discover an urban oasis in this stylish house, perfect for a luxurious and relaxing stay.',_binary '\0',_binary '',_binary '',3,_binary '',_binary '',_binary '',_binary '',_binary '',_binary '',_binary '\0',11,69,NULL,'Urban House'),(70,'hostel',1,1,1,_binary '',15,'Experience the magic of starry nights in this cozy hostel, offering a unique and welcoming atmosphere.',_binary '\0',_binary '\0',_binary '',2,_binary '',_binary '',_binary '\0',_binary '',_binary '',_binary '\0',_binary '',11,70,NULL,'Starry Nights Hostel'),(71,'house',2,1,1,_binary '',45,'Experience the heights of Athens in this charming house with modern amenities and panoramic views.',_binary '\0',_binary '',_binary '\0',2,_binary '',_binary '',_binary '',_binary '',_binary '',_binary '',_binary '\0',12,71,NULL,'Athens Heights House'),(72,'hostel',1,1,1,_binary '',20,'Enjoy the vibrant cityscape in this lively hostel, perfect for urban explorers and socializing.',_binary '',_binary '\0',_binary '',1,_binary '',_binary '',_binary '\0',_binary '',_binary '',_binary '\0',_binary '',12,72,NULL,'Cityscape Hostel'),(73,'private_room',1,1,1,_binary '',40,'Enjoy panoramic views in this private room located in a serene cove, offering tranquility.',_binary '\0',_binary '',_binary '\0',2,_binary '',_binary '',_binary '',_binary '',_binary '',_binary '',_binary '\0',12,73,NULL,'Panorama Cove Private Room'),(74,'house',3,2,2,_binary '',120,'Enjoy metropolitan views in this stylish house, offering a luxurious stay in the heart of the city.',_binary '\0',_binary '',_binary '',3,_binary '',_binary '',_binary '',_binary '',_binary '',_binary '',_binary '\0',12,74,NULL,'Metropolitan Views House'),(75,'hostel',1,1,1,_binary '\0',25,'Retreat to the skyline in this modern hostel, offering a stylish and comfortable escape.',_binary '\0',_binary '\0',_binary '',2,_binary '',_binary '',_binary '\0',_binary '',_binary '',_binary '\0',_binary '',12,75,NULL,'Skyline Retreat Hostel'),(76,'house',2,2,2,_binary '',75,'Discover the golden horizon in this charming house with modern amenities and scenic views.',_binary '\0',_binary '',_binary '\0',2,_binary '',_binary '',_binary '',_binary '',_binary '',_binary '',_binary '\0',12,76,NULL,'Golden Horizon House'),(77,'hostel',1,1,1,_binary '',30,'Immerse yourself in the Athenian harbor vibes in this lively hostel, perfect for socializing.',_binary '',_binary '\0',_binary '',1,_binary '',_binary '',_binary '\0',_binary '',_binary '',_binary '\0',_binary '',12,77,NULL,'Athenian Harbor Hostel'),(78,'private_room',1,1,1,_binary '',30,'Experience the beauty of sunset in this private room located in a serene cove, offering tranquility.',_binary '\0',_binary '',_binary '\0',2,_binary '',_binary '',_binary '',_binary '',_binary '',_binary '',_binary '\0',12,78,NULL,'Sunset Cove Private Room'),(79,'house',6,5,6,_binary '',250,'Escape to the azure heights in this stylish house, offering a luxurious and relaxing stay.',_binary '\0',_binary '',_binary '',3,_binary '',_binary '',_binary '',_binary '',_binary '',_binary '',_binary '\0',12,79,NULL,'Azure Heights House'),(80,'hostel',1,1,1,_binary '\0',15,'Indulge in coastal dreams in this modern hostel, offering a stylish and comfortable escape.',_binary '\0',_binary '\0',_binary '',2,_binary '',_binary '',_binary '\0',_binary '',_binary '',_binary '\0',_binary '',12,80,NULL,'Coastal Dreams Hostel'),(81,'house',2,1,1,_binary '',45,'Escape to Nea Ionia in this charming house with modern amenities, offering a peaceful retreat.',_binary '\0',_binary '',_binary '\0',2,_binary '',_binary '',_binary '',_binary '',_binary '',_binary '',_binary '\0',13,81,NULL,'Nea Ionia Retreat House'),(82,'hostel',1,1,1,_binary '',20,'Experience the heights of Nea Ionia in this lively hostel, perfect for socializing and relaxation.',_binary '',_binary '\0',_binary '',1,_binary '',_binary '',_binary '\0',_binary '',_binary '',_binary '\0',_binary '',13,82,NULL,'Ionian Heights Hostel'),(83,'private_room',1,1,1,_binary '\0',30,'Enjoy the sun in this private room located in Nea Ionia, offering comfort and tranquility.',_binary '\0',_binary '',_binary '\0',2,_binary '',_binary '',_binary '',_binary '',_binary '',_binary '',_binary '\0',13,83,NULL,'Sunny Nea Ionia Private Room'),(84,'house',3,2,2,_binary '',120,'Experience the cosmic vibes in this stylish house, offering a luxurious and relaxing stay in Nea Ionia.',_binary '\0',_binary '',_binary '',3,_binary '',_binary '',_binary '',_binary '',_binary '',_binary '',_binary '\0',13,84,NULL,'Cosmic Ionian House'),(85,'hostel',1,1,1,_binary '',25,'Discover bliss in Nea Ionia in this modern hostel, offering a stylish and comfortable escape.',_binary '\0',_binary '\0',_binary '',2,_binary '',_binary '',_binary '\0',_binary '',_binary '',_binary '\0',_binary '',13,85,NULL,'Nea Ionia Bliss Hostel'),(86,'house',2,1,1,_binary '',95,'Escape to Piraeus Harbor in this charming house with modern amenities, offering a tranquil retreat.',_binary '\0',_binary '',_binary '\0',2,_binary '',_binary '',_binary '',_binary '',_binary '',_binary '',_binary '\0',13,86,NULL,'Piraeus Harbor Retreat House'),(87,'hostel',1,1,1,_binary '',20,'Feel the sea breeze in this lively hostel, perfect for socializing and enjoying the coastal atmosphere.',_binary '',_binary '\0',_binary '',1,_binary '',_binary '',_binary '\0',_binary '',_binary '',_binary '\0',_binary '',13,87,NULL,'Sea Breeze Hostel'),(88,'private_room',1,1,1,_binary '',40,'Enjoy sunset views from the pier in this private room, offering comfort and a serene atmosphere.',_binary '\0',_binary '',_binary '\0',2,_binary '',_binary '',_binary '',_binary '',_binary '',_binary '',_binary '\0',13,88,NULL,'Sunset Pier Private Room'),(89,'house',7,4,7,_binary '',250,'Immerse yourself in the blue waters in this stylish house, offering a luxurious and refreshing stay.',_binary '\0',_binary '',_binary '',3,_binary '',_binary '',_binary '',_binary '',_binary '',_binary '',_binary '\0',13,89,NULL,'Blue Waters House'),(90,'hostel',1,1,1,_binary '',25,'Escape to the coast in this modern hostel, offering a stylish and comfortable coastal retreat.',_binary '\0',_binary '\0',_binary '',2,_binary '',_binary '',_binary '\0',_binary '',_binary '',_binary '\0',_binary '',13,90,NULL,'Piraeus Coastal Escape Hostel'),(91,'private_room',1,1,1,_binary '',45,'Indulge in luxury with the Elegance Suite, featuring opulent furnishings and breathtaking city views.',_binary '\0',_binary '\0',_binary '\0',1,_binary '',_binary '',_binary '',_binary '',_binary '',_binary '',_binary '',10,91,NULL,'Elegance Suite'),(92,'private_room',1,1,1,_binary '',30,'Find comfort in the Cozy Corner Room, a snug space with warm decor and a charming reading nook.',_binary '\0',_binary '\0',_binary '\0',1,_binary '',_binary '',_binary '',_binary '',_binary '',_binary '\0',_binary '',10,92,NULL,'Cozy Corner Room'),(93,'private_room',1,1,1,_binary '',35,'Experience modern living in the Tech-Savvy Studio, equipped with cutting-edge technology and a sleek workspace.',_binary '\0',_binary '\0',_binary '\0',1,_binary '',_binary '',_binary '',_binary '',_binary '',_binary '',_binary '',10,93,NULL,'Tech-Savvy Studio'),(94,'house',4,3,3,_binary '',200,'Experience luxury living in this spacious seaside villa with panoramic ocean views.',_binary '\0',_binary '',_binary '',3,_binary '',_binary '',_binary '',_binary '',_binary '',_binary '',_binary '\0',10,94,NULL,'Seaside Villa'),(95,'hostel',8,4,4,_binary '\0',80,'Stay at Harbor Hostel, a vibrant and budget-friendly accommodation with a lively atmosphere near the harbor.',_binary '\0',_binary '',_binary '\0',0,_binary '\0',_binary '\0',_binary '\0',_binary '\0',_binary '\0',_binary '\0',_binary '\0',10,95,NULL,'Harbor Hostel');
/*!40000 ALTER TABLE `room` ENABLE KEYS */;
UNLOCK TABLES;

--
-- Table structure for table `spring_session`
--

DROP TABLE IF EXISTS `spring_session`;
/*!40101 SET @saved_cs_client     = @@character_set_client */;
/*!50503 SET character_set_client = utf8mb4 */;
CREATE TABLE `spring_session` (
  `PRIMARY_ID` char(36) NOT NULL,
  `SESSION_ID` char(36) NOT NULL,
  `CREATION_TIME` bigint NOT NULL,
  `LAST_ACCESS_TIME` bigint NOT NULL,
  `MAX_INACTIVE_INTERVAL` int NOT NULL,
  `EXPIRY_TIME` bigint NOT NULL,
  `PRINCIPAL_NAME` varchar(100) DEFAULT NULL,
  PRIMARY KEY (`PRIMARY_ID`),
  UNIQUE KEY `SPRING_SESSION_IX1` (`SESSION_ID`),
  KEY `SPRING_SESSION_IX2` (`EXPIRY_TIME`),
  KEY `SPRING_SESSION_IX3` (`PRINCIPAL_NAME`)
) ENGINE=InnoDB DEFAULT CHARSET=utf8mb4 COLLATE=utf8mb4_0900_ai_ci ROW_FORMAT=DYNAMIC;
/*!40101 SET character_set_client = @saved_cs_client */;

--
-- Dumping data for table `spring_session`
--

LOCK TABLES `spring_session` WRITE;
/*!40000 ALTER TABLE `spring_session` DISABLE KEYS */;
/*!40000 ALTER TABLE `spring_session` ENABLE KEYS */;
UNLOCK TABLES;

--
-- Table structure for table `spring_session_attributes`
--

DROP TABLE IF EXISTS `spring_session_attributes`;
/*!40101 SET @saved_cs_client     = @@character_set_client */;
/*!50503 SET character_set_client = utf8mb4 */;
CREATE TABLE `spring_session_attributes` (
  `SESSION_PRIMARY_ID` char(36) NOT NULL,
  `ATTRIBUTE_NAME` varchar(200) NOT NULL,
  `ATTRIBUTE_BYTES` blob NOT NULL,
  PRIMARY KEY (`SESSION_PRIMARY_ID`,`ATTRIBUTE_NAME`),
  CONSTRAINT `SPRING_SESSION_ATTRIBUTES_FK` FOREIGN KEY (`SESSION_PRIMARY_ID`) REFERENCES `spring_session` (`PRIMARY_ID`) ON DELETE CASCADE
) ENGINE=InnoDB DEFAULT CHARSET=utf8mb4 COLLATE=utf8mb4_0900_ai_ci ROW_FORMAT=DYNAMIC;
/*!40101 SET character_set_client = @saved_cs_client */;

--
-- Dumping data for table `spring_session_attributes`
--

LOCK TABLES `spring_session_attributes` WRITE;
/*!40000 ALTER TABLE `spring_session_attributes` DISABLE KEYS */;
/*!40000 ALTER TABLE `spring_session_attributes` ENABLE KEYS */;
UNLOCK TABLES;

--
-- Table structure for table `users`
--

DROP TABLE IF EXISTS `users`;
/*!40101 SET @saved_cs_client     = @@character_set_client */;
/*!50503 SET character_set_client = utf8mb4 */;
CREATE TABLE `users` (
  `id` int NOT NULL AUTO_INCREMENT,
  `name` varchar(255) DEFAULT NULL,
  `surname` varchar(255) DEFAULT NULL,
  `email` varchar(255) DEFAULT NULL,
  `telephone` bigint DEFAULT NULL,
  `photo` varchar(255) DEFAULT NULL,
  `country` varchar(255) DEFAULT NULL,
  `role` enum('Administrator','Client','Landlord','LandlordClient') DEFAULT NULL,
  `username` varchar(255) DEFAULT NULL,
  `password` varchar(255) DEFAULT NULL,
  PRIMARY KEY (`id`)
) ENGINE=InnoDB AUTO_INCREMENT=14 DEFAULT CHARSET=utf8mb4 COLLATE=utf8mb4_0900_ai_ci;
/*!40101 SET character_set_client = @saved_cs_client */;

--
-- Dumping data for table `users`
--

LOCK TABLES `users` WRITE;
/*!40000 ALTER TABLE `users` DISABLE KEYS */;
INSERT INTO `users` VALUES (1,'admin','admin','admin@mail.com',1234567890,NULL,'Greece','Administrator','admin','$2a$10$27QjVenfFtXlGROb/fLRpOL84G0Zh5nxCXAO2uJZVUpKlHSCtSsXe'),(2,'Jake','Rosberg','JakeRosberg@mail.com',2102732949,NULL,'Germany','Landlord','Jake','$2a$10$Sbu5rPEnLrk7btR.jp8JTetGfTGCAURDUBIUe68aL9lzr3paOj54W'),(3,'Green','Rivers','GreenRivers@mail.com',2102012327,NULL,'England','Client','Green','$2a$10$I0QrPYgkOTCcs5Mxs2xV5uwMmq.GcfsQIj8Qxt8TSZAIv7jNj9u2G'),(4,'Alice','Johnson','AliceJohnson@mail.com',5123456789,NULL,'United States','Client','BlueSky','$2a$10$hK6W7Ey821qEJFEjIU7WauWEDcGVeSshIwKXPM7FYnXL04HywjPfa'),(5,'Liam','Taylor','LiamTaylor@mail.com',447890123456,NULL,'Australia','Client','Sunflower','$2a$10$92vLs2FnHvnxVjmO4pgxQeZkCSqx1hBsIanFF7vbY8BZeq5xlONje'),(6,'Eleanor','Woods','EleanorWoods@mail.com',3367890123,NULL,'Canada','Client','SilverSurfer','$2a$10$JK5TEVyPp7OJoXIhOABC/eXZhrrSKOAzZNTEblPJqvF2aayyq1CyG'),(7,'Oliver','Hill','OliverHill@mail.com',6123456789,NULL,'New Zealand','Landlord','MountainExplorer','$2a$10$daU.bYmP39hWNfq5TQ2fquiISbPzaBuQVdGxDOR56sV/vhPmHDHFm'),(8,'Emma','Smith','EmmaSmith@mail.com',441234567890,NULL,'Germany','Landlord','TechEnthusiast','$2a$10$zdawt4gUySr.vcA1tqP0v.XItQdA3jbN8jDEnxlcH0msXGUKBtZtW'),(9,'Mason','Jones','MasonJones@mail.com',8112233445,NULL,'Japan','Landlord','GlobeTrotter','$2a$10$d.NTJCpz8mJlqG.2BFx38O5wYJux3wUu42nG4u.g01gEJJ0Vieh7C'),(10,'Sophia','Clark','SophiaClark@mail.com',19987654321,NULL,'France','LandlordClient','ArtLover','$2a$10$rxVNxjoKFgaVXJLVaB2v5OpBKF64qqf6W2fcGtnogsyhBcf4C2ykC'),(11,'Daniel','Brown','DanielBrown@mail.com',6178901234,NULL,'United States','LandlordClient','FitnessFanatic','$2a$10$RztiV4LZCS.X9QEoh15C8eq5S18SAN7qpww/e2MCGWJHsm9CXIyUe'),(12,'Isabella','Miller','IsabellaMiller@mail.com',4422334455,NULL,'United Kingdom','LandlordClient','Bookworm','$2a$10$2RiTMS2g9GRMQYUbmz2QiO/gKblNasSa/mo8d0gO2M4E276DlFsfy'),(13,'Aiden','Young','AidenYoung@mail.com',7788990011,NULL,'Canada','LandlordClient','MusicMaestro','$2a$10$rns28luQoniE7dqRve7XKeU/UY1ESooQBCZ0gUYt69oepw/7YmSJy');
/*!40000 ALTER TABLE `users` ENABLE KEYS */;
UNLOCK TABLES;
/*!40103 SET TIME_ZONE=@OLD_TIME_ZONE */;

/*!40101 SET SQL_MODE=@OLD_SQL_MODE */;
/*!40014 SET FOREIGN_KEY_CHECKS=@OLD_FOREIGN_KEY_CHECKS */;
/*!40014 SET UNIQUE_CHECKS=@OLD_UNIQUE_CHECKS */;
/*!40101 SET CHARACTER_SET_CLIENT=@OLD_CHARACTER_SET_CLIENT */;
/*!40101 SET CHARACTER_SET_RESULTS=@OLD_CHARACTER_SET_RESULTS */;
/*!40101 SET COLLATION_CONNECTION=@OLD_COLLATION_CONNECTION */;
/*!40111 SET SQL_NOTES=@OLD_SQL_NOTES */;

-- Dump completed on 2023-10-01 10:48:31
